start in seconds	annotations
0	0.8775
0.5	0.18311
1	0.18103
1.5	0.17492
2	0.18446
2.5	0.16089
3	0.18392
3.5	0.18501
4	0.89524
4.5	0.82189
5	0.88016
5.5	0.88864
6	0.84408
6.5	0.15721
7	0.20261
7.5	0.21028
8	0.18602
8.5	0.19375
9	0.20023
9.5	0.17717
10	0.16244
10.5	0.16186
11	0.18816
11.5	0.16215
12	0.89816
12.5	0.91969
13	0.17887
13.5	0.20827
14	0.20391
14.5	0.88478
15	0.9009
15.5	0.92084
16	0.89939
16.5	0.79664
17	0.70435
17.5	0.67054
18	0.89317
18.5	0.93276
19	0.93547
19.5	0.94192
20	0.9188
