start in seconds	duration in seconds	annotations
0.08	3.519999999999996
3.64	2.5600000000000023
6.24	5.440000000000012
11.72	1.0400000000000063
12.8	1.4399999999999977
14.28	5.8799999999999955
